event_id,tag,date,title,description,historical_leader,historical_birth,historical_party,historical_adm,historical_dip,historical_mil,historical_option,alternate_leader,alternate_birth,alternate_party,alternate_adm,alternate_dip,alternate_mil,alternate_option,source,verification_notes
1,CRO,2000.1.27,The Croatian Parliamentary Transition,The parliamentary election has opened the way for a new coalition government and a peaceful transfer of executive authority.,Ivica Racan,1944.2.24,Social Democratic Party,4,4,2,Entrust Ivica Racan with the government,Zlatko Matesa,1949.6.22,Croatian Democratic Union,3,3,2,Keep the Croatian Democratic Union in office,manual:croatia-government-2000,Historical transition date; alternate path is counterfactual.
2,HAB,2000.2.4,The Austrian Coalition Negotiations,Coalition negotiations will determine whether Austria changes political direction or preserves the outgoing governing arrangement.,Wolfgang Schussel,1945.6.7,Austrian People's Party,4,4,2,Form the Schussel government,Viktor Klima,1947.6.4,Social Democratic Party,4,4,2,Preserve Klima's coalition,manual:austria-government-2000,Historical transition date; alternate path is counterfactual.
3,JAP,2000.4.5,The Succession to Obuchi,The governing party must select a successor after Prime Minister Obuchi can no longer carry out his duties.,Yoshiro Mori,1937.7.14,Liberal Democratic Party,3,3,2,Select Yoshiro Mori,Koichi Kato,1939.6.17,Liberal Democratic Party,4,4,2,Back Koichi Kato,manual:japan-succession-2000,Historical succession with plausible party alternative.
4,ITA,2000.4.25,A New Italian Cabinet,The collapse of the previous cabinet requires parliament to assemble another governing majority.,Giuliano Amato,1938.5.13,The Olive Tree,4,4,2,Form the Amato cabinet,Massimo D'Alema,1949.4.20,Democrats of the Left,4,4,2,Keep D'Alema in office,manual:italy-government-2000,Historical cabinet transition; alternate path is continuity.
5,RUS,2000.5.7,The Putin Presidency,Vladimir Putin has won the presidential election and now seeks a mandate to consolidate the Russian state.,Vladimir Putin,1952.10.7,Unity,5,4,4,Consolidate the Putin presidency,Grigory Yavlinsky,1952.4.10,Yabloko,5,5,2,Turn toward liberal pluralism,https://en.kremlin.ru/catalog/persons/54/biography,Kremlin biography confirms election and inauguration dates.
6,FRM,2000.5.20,Taiwan's Democratic Transfer,The presidential election has produced the first transfer of power between parties in Taiwan's democratic era.,Chen Shui-bian,1950.10.12,Democratic Progressive Party,4,4,3,Inaugurate Chen Shui-bian,Lien Chan,1936.8.27,Kuomintang,4,4,2,Keep the Kuomintang in power,manual:taiwan-election-2000,Historical transition date; alternate path reflects the principal opponent.
7,YUG,2000.10.7,The Yugoslav Presidential Crisis,Mass protests and a disputed election have brought the political order created by Slobodan Milosevic to a breaking point.,Vojislav Kostunica,1944.3.24,Democratic Opposition of Serbia,4,4,3,Recognize Kostunica's victory,Slobodan Milosevic,1941.8.20,Socialist Party of Serbia,4,3,4,Milosevic holds onto power,https://www.ohr.int/ohr_archive/ohr-rtrs-news-summary-7-october-2000-4/,OHR record confirms Kostunica took the presidential oath on 7 October.
8,USA,2001.1.20,The 2000 Presidential Election,The closely contested election will decide the direction of the United States at the beginning of the new century.,George W. Bush,1946.7.6,Republican Party,4,3,4,Inaugurate George W. Bush,Al Gore,1948.3.31,Democratic Party,5,5,3,Al Gore prevails,https://www.presidency.ucsb.edu/documents/george-w-bush-event-timeline,Presidency Project timeline confirms the election and inauguration.
9,ISR,2001.3.7,The Israeli Prime-Ministerial Election,The electorate must choose its response to the escalating security and political crisis.,Ariel Sharon,1928.2.26,Likud,3,3,5,Form the Sharon government,Ehud Barak,1942.2.12,One Israel,4,4,5,Return Ehud Barak,manual:israel-election-2001,Historical government formation date; alternate path reflects the incumbent.
10,JAP,2001.4.26,The Koizumi Reform Mandate,The Liberal Democratic Party must decide whether to embrace structural reform or return to its traditional leadership.,Junichiro Koizumi,1942.1.8,Liberal Democratic Party,5,4,3,Choose Junichiro Koizumi,Ryutaro Hashimoto,1937.7.29,Liberal Democratic Party,4,4,3,Restore Ryutaro Hashimoto,manual:japan-ldp-election-2001,Historical party leadership transition with principal rival.
11,ITA,2001.6.11,The Italian General Election,A new parliamentary majority is ready to form Italy's government.,Silvio Berlusconi,1936.9.29,House of Freedoms,4,4,3,Form the Berlusconi government,Francesco Rutelli,1954.6.14,The Olive Tree,4,4,2,Form a Rutelli government,manual:italy-election-2001,Historical government formation with opposition alternative.
12,POL,2001.10.19,The Polish Parliamentary Transition,The election has shifted the parliamentary balance and created a new governing majority.,Leszek Miller,1946.7.3,Democratic Left Alliance,4,4,2,Form the Miller government,Jerzy Buzek,1940.7.3,Solidarity Electoral Action,4,4,2,Preserve the Buzek government,manual:poland-government-2001,Historical transition date; alternate path is continuity.
13,POR,2002.4.6,The Portuguese Change of Government,The parliamentary election has produced a choice between a center-right cabinet and continued Socialist government.,Jose Manuel Barroso,1956.3.23,Social Democratic Party,4,4,2,Form the Barroso government,Eduardo Ferro Rodrigues,1949.11.3,Socialist Party,4,4,2,Keep the Socialists in office,manual:portugal-government-2002,Historical transition date with opposition alternative.
14,NED,2002.7.22,The Dutch Coalition Settlement,Fragmented election results require the formation of a new coalition government.,Jan Peter Balkenende,1956.5.7,Christian Democratic Appeal,4,4,2,Form the Balkenende cabinet,Ad Melkert,1956.2.12,Labour Party,4,4,2,Build a Labour-led coalition,manual:netherlands-government-2002,Historical cabinet formation with opposition alternative.
15,CHN,2002.11.15,The Fourth Generation of Chinese Leadership,The Sixteenth Party Congress has prepared a transfer of senior party authority to a new generation.,Hu Jintao,1942.12.21,Chinese Communist Party,5,4,3,Transfer authority to Hu Jintao,Jiang Zemin,1926.8.17,Chinese Communist Party,5,4,3,Extend Jiang Zemin's leadership,https://www.china.org.cn/english/China/48946.htm,Xinhua report confirms Hu's election as General Secretary on 15 November.
16,CRO,2003.12.23,The Sanader Government,Croatia's election has produced a new parliamentary majority and another test of democratic succession.,Ivo Sanader,1953.6.8,Croatian Democratic Union,4,4,2,Form the Sanader government,Ivica Racan,1944.2.24,Social Democratic Party,4,4,2,Return the Racan coalition,manual:croatia-government-2003,Historical transition date with incumbent alternative.
17,GEO,2004.1.25,Georgia's Rose Revolution,The collapse of the previous political order has created a mandate for sweeping institutional reform.,Mikheil Saakashvili,1967.12.21,United National Movement,4,5,3,Inaugurate Mikheil Saakashvili,Nino Burjanadze,1964.7.16,Democrats,4,4,2,Entrust the transition to Nino Burjanadze,manual:georgia-inauguration-2004,Historical inauguration with transitional alternative.
18,GRE,2004.3.10,The Greek Parliamentary Transition,The election has ended a long period of PASOK government and produced a new majority.,Kostas Karamanlis,1956.9.14,New Democracy,4,4,2,Form the Karamanlis government,George Papandreou,1952.6.16,PASOK,4,5,2,Renew the PASOK mandate,manual:greece-government-2004,Historical transition date with opposition alternative.
19,SPA,2004.4.17,The Spanish Change of Government,The general election has shifted the parliamentary majority amid an intense national security debate.,Jose Luis Rodriguez Zapatero,1960.8.4,Spanish Socialist Workers' Party,4,4,2,Form the Zapatero government,Mariano Rajoy,1955.3.27,People's Party,4,4,2,Form a Rajoy government,manual:spain-government-2004,Historical transition date with principal opponent.
20,INI,2004.5.22,The Indian General Election,A coalition assembled after the general election must choose the next prime minister of India.,Manmohan Singh,1932.9.26,Indian National Congress,6,5,2,Form the Singh government,Atal Bihari Vajpayee,1924.12.25,Bharatiya Janata Party,4,4,3,Renew Vajpayee's mandate,manual:india-government-2004,Historical transition date with incumbent alternative.
21,POR,2004.7.17,The Portuguese Succession,The departure of the prime minister requires the governing majority to select a successor.,Pedro Santana Lopes,1956.6.29,Social Democratic Party,3,3,2,Form the Santana Lopes government,Jose Socrates,1957.9.6,Socialist Party,4,4,2,Call an early Socialist government,manual:portugal-government-2004,Historical succession with opposition alternative.
22,UKR,2005.1.23,Ukraine's Orange Revolution,A disputed election and mass demonstrations have forced a decisive test of Ukraine's political direction.,Viktor Yushchenko,1954.2.23,Our Ukraine,4,5,2,Inaugurate Viktor Yushchenko,Viktor Yanukovych,1950.7.9,Party of Regions,3,3,3,Confirm Viktor Yanukovych,manual:ukraine-inauguration-2005,Historical inauguration with principal opponent.
23,POR,2005.3.12,The Portuguese Socialist Majority,The election has produced a clear parliamentary majority after a period of unstable government.,Jose Socrates,1957.9.6,Socialist Party,4,4,2,Form the Socrates government,Pedro Santana Lopes,1956.6.29,Social Democratic Party,3,3,2,Renew Santana Lopes's mandate,manual:portugal-government-2005,Historical transition date with incumbent alternative.
24,GER,2005.11.22,The German Grand Coalition,The federal election has produced a narrow result and difficult negotiations over the chancellorship.,Angela Merkel,1954.7.17,Christian Democratic Union,5,4,3,Form the Merkel government,Gerhard Schroder,1944.4.7,Social Democratic Party,5,4,3,Keep Schroder as chancellor,manual:germany-chancellor-2005,Historical chancellorship transition with incumbent alternative.
